<?xml version="1.0"?>
<pagescount>
	<html_total>76</html_total>
	<html_done>76</html_done>
	<images>45</images>
	<script>16</script>
	<css>30</css>
	<pdf/>
	<documents/>
	<excel/>
	<powerpoint/>
	<flash/>
	<audios/>
	<videos/>
	<xml/>
	<json/>
	<txt/>
	<autocad/>
	<model_3d/>
	<fonts>22</fonts>
	<scraping_reload>1</scraping_reload>
	<is_pretty_url>true</is_pretty_url>
	<has_trailing_slash>true</has_trailing_slash>
	<is_ebn>false</is_ebn>
	<email>anikaizoku7@gmail.com</email>
	<theme_name>WmdTheme283490</theme_name>
	<server_url_front_page>https://www.waybackmachinedownloader.com/scraping/files/demo/animekayo.com_anikaizoku7_gmail.com_93buuymw7j/</server_url_front_page>
	<no_www_url>animekayo.com</no_www_url>
	<hosted_domain/>
	<original_archive_url>https://web.archive.org/web/20210121005821/https://animekayo.com/anime-series/strike-witches-road-to-berlin-720p-eng-sub-hevc/</original_archive_url>
	<final_archive_url>https://web.archive.org/web/20210121005821/https://animekayo.com/anime-series%2Fstrike-witches-road-to-berlin-720p-eng-sub-hevc%2F</final_archive_url>
	<front_page_code_date>20210121005821</front_page_code_date>
	<total_urls_from_api/>
	<max_reached_live>false</max_reached_live>
	<scrape_other_captures>false</scrape_other_captures>
	<total_size>8404</total_size>
</pagescount>
